,co,humidity,lpg,smoke,temp
mape,0.029608556777736834,0.015202004320057487,0.0214556213682759,0.02291978228970876,0.00999870913742353
me,-4.170063327364771e-09,-2.2941124977056908e-05,-3.6693254562491373e-09,2.1401263302308648e-08,7.662780612061987e-06
mpe,0.00014218754927910793,0.9193332793188888,0.0001586712836449091,0.00045211071185647305,0.22535114577984974
mae,0.0015412561897536641,0.00040479508006990503,0.0008033088012905444,0.000922075316326812,0.0001769427441576809
rmse,0.0001985208772861121,1.1827543260054698,0.00021415889044467255,0.000613507776158272,0.2968919983357805
corr,,,,,
minmax,,,,,
